﻿Age;Gender;Period;Unemployed
16 to 19 years;Men;jan/05;91000
20 to 24 years;Men;jan/05;175000
25 to 34 years;Men;jan/05;194000
35 to 44 years;Men;jan/05;201000
45 to 54 years;Men;jan/05;207000
55 to 64 years;Men;jan/05;101000
65 years and over;Men;jan/05;33000
16 to 19 years;Women;jan/05;38000
20 to 24 years;Women;jan/05;90000
25 to 34 years;Women;jan/05;142000
35 to 44 years;Women;jan/05;180000
45 to 54 years;Women;jan/05;157000
55 to 64 years;Women;jan/05;71000
65 years and over;Women;jan/05;82000
16 to 19 years;Men;fev/05;90000
20 to 24 years;Men;fev/05;154000
25 to 34 years;Men;fev/05;176000
35 to 44 years;Men;fev/05;184000
45 to 54 years;Men;fev/05;186000
55 to 64 years;Men;fev/05;98000
65 years and over;Men;fev/05;38000
16 to 19 years;Women;fev/05;54000
20 to 24 years;Women;fev/05;114000
25 to 34 years;Women;fev/05;119000
35 to 44 years;Women;fev/05;170000
45 to 54 years;Women;fev/05;173000
55 to 64 years;Women;fev/05;94000
65 years and over;Women;fev/05;85000
16 to 19 years;Men;mar/05;114000
20 to 24 years;Men;mar/05;137000
25 to 34 years;Men;mar/05;195000
35 to 44 years;Men;mar/05;211000
45 to 54 years;Men;mar/05;223000
55 to 64 years;Men;mar/05;115000
65 years and over;Men;mar/05;32000
16 to 19 years;Women;mar/05;53000
20 to 24 years;Women;mar/05;113000
25 to 34 years;Women;mar/05;102000
35 to 44 years;Women;mar/05;141000
45 to 54 years;Women;mar/05;152000
55 to 64 years;Women;mar/05;101000
65 years and over;Women;mar/05;72000
16 to 19 years;Men;abr/05;86000
20 to 24 years;Men;abr/05;125000
25 to 34 years;Men;abr/05;191000
35 to 44 years;Men;abr/05;206000
45 to 54 years;Men;abr/05;181000
55 to 64 years;Men;abr/05;93000
65 years and over;Men;abr/05;31000
16 to 19 years;Women;abr/05;53000
20 to 24 years;Women;abr/05;114000
25 to 34 years;Women;abr/05;151000
35 to 44 years;Women;abr/05;172000
45 to 54 years;Women;abr/05;160000
55 to 64 years;Women;abr/05;90000
65 years and over;Women;abr/05;80000
16 to 19 years;Men;mai/05;87000
20 to 24 years;Men;mai/05;106000
25 to 34 years;Men;mai/05;183000
35 to 44 years;Men;mai/05;173000
45 to 54 years;Men;mai/05;159000
55 to 64 years;Men;mai/05;87000
65 years and over;Men;mai/05;22000
16 to 19 years;Women;mai/05;44000
20 to 24 years;Women;mai/05;99000
25 to 34 years;Women;mai/05;149000
35 to 44 years;Women;mai/05;144000
45 to 54 years;Women;mai/05;178000
55 to 64 years;Women;mai/05;74000
65 years and over;Women;mai/05;71000
16 to 19 years;Men;jun/05;74000
20 to 24 years;Men;jun/05;109000
25 to 34 years;Men;jun/05;162000
35 to 44 years;Men;jun/05;146000
45 to 54 years;Men;jun/05;171000
55 to 64 years;Men;jun/05;64000
65 years and over;Men;jun/05;37000
16 to 19 years;Women;jun/05;47000
20 to 24 years;Women;jun/05;73000
25 to 34 years;Women;jun/05;114000
35 to 44 years;Women;jun/05;114000
45 to 54 years;Women;jun/05;150000
55 to 64 years;Women;jun/05;58000
65 years and over;Women;jun/05;89000
16 to 19 years;Men;jul/05;79000
20 to 24 years;Men;jul/05;110000
25 to 34 years;Men;jul/05;139000
35 to 44 years;Men;jul/05;164000
45 to 54 years;Men;jul/05;181000
55 to 64 years;Men;jul/05;56000
65 years and over;Men;jul/05;36000
16 to 19 years;Women;jul/05;39000
20 to 24 years;Women;jul/05;72000
25 to 34 years;Women;jul/05;156000
35 to 44 years;Women;jul/05;115000
45 to 54 years;Women;jul/05;123000
55 to 64 years;Women;jul/05;81000
65 years and over;Women;jul/05;86000
16 to 19 years;Men;ago/05;69000
20 to 24 years;Men;ago/05;142000
25 to 34 years;Men;ago/05;141000
35 to 44 years;Men;ago/05;157000
45 to 54 years;Men;ago/05;163000
55 to 64 years;Men;ago/05;82000
65 years and over;Men;ago/05;25000
16 to 19 years;Women;ago/05;47000
20 to 24 years;Women;ago/05;57000
25 to 34 years;Women;ago/05;151000
35 to 44 years;Women;ago/05;137000
45 to 54 years;Women;ago/05;130000
55 to 64 years;Women;ago/05;85000
65 years and over;Women;ago/05;101000
16 to 19 years;Men;set/05;64000
20 to 24 years;Men;set/05;127000
25 to 34 years;Men;set/05;161000
35 to 44 years;Men;set/05;152000
45 to 54 years;Men;set/05;146000
55 to 64 years;Men;set/05;83000
65 years and over;Men;set/05;36000
16 to 19 years;Women;set/05;41000
20 to 24 years;Women;set/05;55000
25 to 34 years;Women;set/05;163000
35 to 44 years;Women;set/05;149000
45 to 54 years;Women;set/05;152000
55 to 64 years;Women;set/05;80000
65 years and over;Women;set/05;96000
16 to 19 years;Men;out/05;51000
20 to 24 years;Men;out/05;102000
25 to 34 years;Men;out/05;152000
35 to 44 years;Men;out/05;137000
45 to 54 years;Men;out/05;195000
55 to 64 years;Men;out/05;90000
65 years and over;Men;out/05;41000
16 to 19 years;Women;out/05;48000
20 to 24 years;Women;out/05;56000
25 to 34 years;Women;out/05;150000
35 to 44 years;Women;out/05;156000
45 to 54 years;Women;out/05;120000
55 to 64 years;Women;out/05;69000
65 years and over;Women;out/05;94000
16 to 19 years;Men;nov/05;53000
20 to 24 years;Men;nov/05;97000
25 to 34 years;Men;nov/05;137000
35 to 44 years;Men;nov/05;151000
45 to 54 years;Men;nov/05;197000
55 to 64 years;Men;nov/05;82000
65 years and over;Men;nov/05;37000
16 to 19 years;Women;nov/05;28000
20 to 24 years;Women;nov/05;65000
25 to 34 years;Women;nov/05;140000
35 to 44 years;Women;nov/05;129000
45 to 54 years;Women;nov/05;131000
55 to 64 years;Women;nov/05;82000
65 years and over;Women;nov/05;62000
16 to 19 years;Men;dez/05;62000
20 to 24 years;Men;dez/05;93000
25 to 34 years;Men;dez/05;164000
35 to 44 years;Men;dez/05;150000
45 to 54 years;Men;dez/05;190000
55 to 64 years;Men;dez/05;104000
65 years and over;Men;dez/05;20000
16 to 19 years;Women;dez/05;30000
20 to 24 years;Women;dez/05;56000
25 to 34 years;Women;dez/05;131000
35 to 44 years;Women;dez/05;112000
45 to 54 years;Women;dez/05;116000
55 to 64 years;Women;dez/05;73000
65 years and over;Women;dez/05;64000
16 to 19 years;Men;jan/06;34000
20 to 24 years;Men;jan/06;126000
25 to 34 years;Men;jan/06;141000
35 to 44 years;Men;jan/06;105000
45 to 54 years;Men;jan/06;162000
55 to 64 years;Men;jan/06;102000
65 years and over;Men;jan/06;35000
16 to 19 years;Women;jan/06;39000
20 to 24 years;Women;jan/06;27000
25 to 34 years;Women;jan/06;92000
35 to 44 years;Women;jan/06;134000
45 to 54 years;Women;jan/06;110000
55 to 64 years;Women;jan/06;85000
65 years and over;Women;jan/06;61000
16 to 19 years;Men;fev/06;68000
20 to 24 years;Men;fev/06;135000
25 to 34 years;Men;fev/06;190000
35 to 44 years;Men;fev/06;123000
45 to 54 years;Men;fev/06;182000
55 to 64 years;Men;fev/06;95000
65 years and over;Men;fev/06;21000
16 to 19 years;Women;fev/06;26000
20 to 24 years;Women;fev/06;75000
25 to 34 years;Women;fev/06;132000
35 to 44 years;Women;fev/06;150000
45 to 54 years;Women;fev/06;124000
55 to 64 years;Women;fev/06;69000
65 years and over;Women;fev/06;61000
16 to 19 years;Men;mar/06;84000
20 to 24 years;Men;mar/06;140000
25 to 34 years;Men;mar/06;134000
35 to 44 years;Men;mar/06;171000
45 to 54 years;Men;mar/06;163000
55 to 64 years;Men;mar/06;84000
65 years and over;Men;mar/06;20000
16 to 19 years;Women;mar/06;40000
20 to 24 years;Women;mar/06;52000
25 to 34 years;Women;mar/06;137000
35 to 44 years;Women;mar/06;138000
45 to 54 years;Women;mar/06;119000
55 to 64 years;Women;mar/06;60000
65 years and over;Women;mar/06;54000
16 to 19 years;Men;abr/06;97000
20 to 24 years;Men;abr/06;174000
25 to 34 years;Men;abr/06;155000
35 to 44 years;Men;abr/06;140000
45 to 54 years;Men;abr/06;141000
55 to 64 years;Men;abr/06;113000
65 years and over;Men;abr/06;23000
16 to 19 years;Women;abr/06;28000
20 to 24 years;Women;abr/06;71000
25 to 34 years;Women;abr/06;135000
35 to 44 years;Women;abr/06;157000
45 to 54 years;Women;abr/06;98000
55 to 64 years;Women;abr/06;59000
65 years and over;Women;abr/06;54000
16 to 19 years;Men;mai/06;66000
20 to 24 years;Men;mai/06;125000
25 to 34 years;Men;mai/06;137000
35 to 44 years;Men;mai/06;158000
45 to 54 years;Men;mai/06;178000
55 to 64 years;Men;mai/06;81000
65 years and over;Men;mai/06;12000
16 to 19 years;Women;mai/06;45000
20 to 24 years;Women;mai/06;54000
25 to 34 years;Women;mai/06;146000
35 to 44 years;Women;mai/06;148000
45 to 54 years;Women;mai/06;100000
55 to 64 years;Women;mai/06;56000
65 years and over;Women;mai/06;43000
16 to 19 years;Men;jun/06;63000
20 to 24 years;Men;jun/06;106000
25 to 34 years;Men;jun/06;134000
35 to 44 years;Men;jun/06;127000
45 to 54 years;Men;jun/06;124000
55 to 64 years;Men;jun/06;85000
65 years and over;Men;jun/06;13000
16 to 19 years;Women;jun/06;30000
20 to 24 years;Women;jun/06;39000
25 to 34 years;Women;jun/06;123000
35 to 44 years;Women;jun/06;110000
45 to 54 years;Women;jun/06;92000
55 to 64 years;Women;jun/06;63000
65 years and over;Women;jun/06;68000
16 to 19 years;Men;jul/06;74000
20 to 24 years;Men;jul/06;93000
25 to 34 years;Men;jul/06;133000
35 to 44 years;Men;jul/06;163000
45 to 54 years;Men;jul/06;138000
55 to 64 years;Men;jul/06;96000
65 years and over;Men;jul/06;9000
16 to 19 years;Women;jul/06;74000
20 to 24 years;Women;jul/06;81000
25 to 34 years;Women;jul/06;115000
35 to 44 years;Women;jul/06;133000
45 to 54 years;Women;jul/06;84000
55 to 64 years;Women;jul/06;83000
65 years and over;Women;jul/06;86000
16 to 19 years;Men;ago/06;77000
20 to 24 years;Men;ago/06;130000
25 to 34 years;Men;ago/06;114000
35 to 44 years;Men;ago/06;159000
45 to 54 years;Men;ago/06;154000
55 to 64 years;Men;ago/06;87000
65 years and over;Men;ago/06;21000
16 to 19 years;Women;ago/06;46000
20 to 24 years;Women;ago/06;63000
25 to 34 years;Women;ago/06;102000
35 to 44 years;Women;ago/06;122000
45 to 54 years;Women;ago/06;134000
55 to 64 years;Women;ago/06;80000
65 years and over;Women;ago/06;110000
16 to 19 years;Men;set/06;53000
20 to 24 years;Men;set/06;101000
25 to 34 years;Men;set/06;113000
35 to 44 years;Men;set/06;153000
45 to 54 years;Men;set/06;120000
55 to 64 years;Men;set/06;97000
65 years and over;Men;set/06;10000
16 to 19 years;Women;set/06;27000
20 to 24 years;Women;set/06;88000
25 to 34 years;Women;set/06;120000
35 to 44 years;Women;set/06;122000
45 to 54 years;Women;set/06;125000
55 to 64 years;Women;set/06;86000
65 years and over;Women;set/06;111000
16 to 19 years;Men;out/06;50000
20 to 24 years;Men;out/06;92000
25 to 34 years;Men;out/06;118000
35 to 44 years;Men;out/06;100000
45 to 54 years;Men;out/06;81000
55 to 64 years;Men;out/06;91000
65 years and over;Men;out/06;29000
16 to 19 years;Women;out/06;21000
20 to 24 years;Women;out/06;68000
25 to 34 years;Women;out/06;85000
35 to 44 years;Women;out/06;94000
45 to 54 years;Women;out/06;118000
55 to 64 years;Women;out/06;74000
65 years and over;Women;out/06;83000
16 to 19 years;Men;nov/06;61000
20 to 24 years;Men;nov/06;80000
25 to 34 years;Men;nov/06;129000
35 to 44 years;Men;nov/06;107000
45 to 54 years;Men;nov/06;102000
55 to 64 years;Men;nov/06;89000
65 years and over;Men;nov/06;28000
16 to 19 years;Women;nov/06;37000
20 to 24 years;Women;nov/06;82000
25 to 34 years;Women;nov/06;77000
35 to 44 years;Women;nov/06;108000
45 to 54 years;Women;nov/06;121000
55 to 64 years;Women;nov/06;74000
65 years and over;Women;nov/06;92000
16 to 19 years;Men;dez/06;66000
20 to 24 years;Men;dez/06;97000
25 to 34 years;Men;dez/06;102000
35 to 44 years;Men;dez/06;82000
45 to 54 years;Men;dez/06;130000
55 to 64 years;Men;dez/06;95000
65 years and over;Men;dez/06;18000
16 to 19 years;Women;dez/06;30000
20 to 24 years;Women;dez/06;49000
25 to 34 years;Women;dez/06;95000
35 to 44 years;Women;dez/06;96000
45 to 54 years;Women;dez/06;101000
55 to 64 years;Women;dez/06;81000
65 years and over;Women;dez/06;32000
16 to 19 years;Men;jan/07;57000
20 to 24 years;Men;jan/07;87000
25 to 34 years;Men;jan/07;138000
35 to 44 years;Men;jan/07;120000
45 to 54 years;Men;jan/07;108000
55 to 64 years;Men;jan/07;107000
65 years and over;Men;jan/07;16000
16 to 19 years;Women;jan/07;33000
20 to 24 years;Women;jan/07;43000
25 to 34 years;Women;jan/07;126000
35 to 44 years;Women;jan/07;114000
45 to 54 years;Women;jan/07;137000
55 to 64 years;Women;jan/07;72000
65 years and over;Women;jan/07;81000
16 to 19 years;Men;fev/07;100000
20 to 24 years;Men;fev/07;123000
25 to 34 years;Men;fev/07;153000
35 to 44 years;Men;fev/07;123000
45 to 54 years;Men;fev/07;148000
55 to 64 years;Men;fev/07;83000
65 years and over;Men;fev/07;29000
16 to 19 years;Women;fev/07;37000
20 to 24 years;Women;fev/07;45000
25 to 34 years;Women;fev/07;127000
35 to 44 years;Women;fev/07;124000
45 to 54 years;Women;fev/07;125000
55 to 64 years;Women;fev/07;50000
65 years and over;Women;fev/07;55000
16 to 19 years;Men;mar/07;83000
20 to 24 years;Men;mar/07;110000
25 to 34 years;Men;mar/07;168000
35 to 44 years;Men;mar/07;137000
45 to 54 years;Men;mar/07;189000
55 to 64 years;Men;mar/07;95000
65 years and over;Men;mar/07;28000
16 to 19 years;Women;mar/07;24000
20 to 24 years;Women;mar/07;35000
25 to 34 years;Women;mar/07;135000
35 to 44 years;Women;mar/07;102000
45 to 54 years;Women;mar/07;113000
55 to 64 years;Women;mar/07;56000
65 years and over;Women;mar/07;68000
16 to 19 years;Men;abr/07;90000
20 to 24 years;Men;abr/07;99000
25 to 34 years;Men;abr/07;191000
35 to 44 years;Men;abr/07;101000
45 to 54 years;Men;abr/07;161000
55 to 64 years;Men;abr/07;86000
65 years and over;Men;abr/07;20000
16 to 19 years;Women;abr/07;45000
20 to 24 years;Women;abr/07;53000
25 to 34 years;Women;abr/07;138000
35 to 44 years;Women;abr/07;94000
45 to 54 years;Women;abr/07;122000
55 to 64 years;Women;abr/07;53000
65 years and over;Women;abr/07;64000
16 to 19 years;Men;mai/07;73000
20 to 24 years;Men;mai/07;88000
25 to 34 years;Men;mai/07;172000
35 to 44 years;Men;mai/07;87000
45 to 54 years;Men;mai/07;133000
55 to 64 years;Men;mai/07;82000
65 years and over;Men;mai/07;19000
16 to 19 years;Women;mai/07;37000
20 to 24 years;Women;mai/07;44000
25 to 34 years;Women;mai/07;119000
35 to 44 years;Women;mai/07;97000
45 to 54 years;Women;mai/07;107000
55 to 64 years;Women;mai/07;60000
65 years and over;Women;mai/07;71000
16 to 19 years;Men;jun/07;54000
20 to 24 years;Men;jun/07;113000
25 to 34 years;Men;jun/07;140000
35 to 44 years;Men;jun/07;106000
45 to 54 years;Men;jun/07;141000
55 to 64 years;Men;jun/07;81000
65 years and over;Men;jun/07;17000
16 to 19 years;Women;jun/07;54000
20 to 24 years;Women;jun/07;44000
25 to 34 years;Women;jun/07;94000
35 to 44 years;Women;jun/07;98000
45 to 54 years;Women;jun/07;100000
55 to 64 years;Women;jun/07;52000
65 years and over;Women;jun/07;109000
16 to 19 years;Men;jul/07;44000
20 to 24 years;Men;jul/07;129000
25 to 34 years;Men;jul/07;112000
35 to 44 years;Men;jul/07;136000
45 to 54 years;Men;jul/07;148000
55 to 64 years;Men;jul/07;93000
65 years and over;Men;jul/07;36000
16 to 19 years;Women;jul/07;41000
20 to 24 years;Women;jul/07;75000
25 to 34 years;Women;jul/07;128000
35 to 44 years;Women;jul/07;150000
45 to 54 years;Women;jul/07;118000
55 to 64 years;Women;jul/07;63000
65 years and over;Women;jul/07;111000
16 to 19 years;Men;ago/07;43000
20 to 24 years;Men;ago/07;150000
25 to 34 years;Men;ago/07;119000
35 to 44 years;Men;ago/07;121000
45 to 54 years;Men;ago/07;147000
55 to 64 years;Men;ago/07;110000
65 years and over;Men;ago/07;17000
16 to 19 years;Women;ago/07;47000
20 to 24 years;Women;ago/07;66000
25 to 34 years;Women;ago/07;125000
35 to 44 years;Women;ago/07;112000
45 to 54 years;Women;ago/07;125000
55 to 64 years;Women;ago/07;50000
65 years and over;Women;ago/07;84000
16 to 19 years;Men;set/07;68000
20 to 24 years;Men;set/07;131000
25 to 34 years;Men;set/07;140000
35 to 44 years;Men;set/07;139000
45 to 54 years;Men;set/07;129000
55 to 64 years;Men;set/07;105000
65 years and over;Men;set/07;19000
16 to 19 years;Women;set/07;36000
20 to 24 years;Women;set/07;73000
25 to 34 years;Women;set/07;115000
35 to 44 years;Women;set/07;126000
45 to 54 years;Women;set/07;127000
55 to 64 years;Women;set/07;53000
65 years and over;Women;set/07;92000
16 to 19 years;Men;out/07;60000
20 to 24 years;Men;out/07;117000
25 to 34 years;Men;out/07;100000
35 to 44 years;Men;out/07;119000
45 to 54 years;Men;out/07;144000
55 to 64 years;Men;out/07;95000
65 years and over;Men;out/07;29000
16 to 19 years;Women;out/07;27000
20 to 24 years;Women;out/07;83000
25 to 34 years;Women;out/07;104000
35 to 44 years;Women;out/07;156000
45 to 54 years;Women;out/07;146000
55 to 64 years;Women;out/07;85000
65 years and over;Women;out/07;76000
16 to 19 years;Men;nov/07;65000
20 to 24 years;Men;nov/07;88000
25 to 34 years;Men;nov/07;149000
35 to 44 years;Men;nov/07;142000
45 to 54 years;Men;nov/07;128000
55 to 64 years;Men;nov/07;88000
65 years and over;Men;nov/07;33000
16 to 19 years;Women;nov/07;46000
20 to 24 years;Women;nov/07;100000
25 to 34 years;Women;nov/07;129000
35 to 44 years;Women;nov/07;140000
45 to 54 years;Women;nov/07;146000
55 to 64 years;Women;nov/07;86000
65 years and over;Women;nov/07;89000
16 to 19 years;Men;dez/07;69000
20 to 24 years;Men;dez/07;106000
25 to 34 years;Men;dez/07;147000
35 to 44 years;Men;dez/07;132000
45 to 54 years;Men;dez/07;149000
55 to 64 years;Men;dez/07;83000
65 years and over;Men;dez/07;36000
16 to 19 years;Women;dez/07;36000
20 to 24 years;Women;dez/07;80000
25 to 34 years;Women;dez/07;108000
35 to 44 years;Women;dez/07;133000
45 to 54 years;Women;dez/07;124000
55 to 64 years;Women;dez/07;63000
65 years and over;Women;dez/07;77000
16 to 19 years;Men;jan/08;90000
20 to 24 years;Men;jan/08;138000
25 to 34 years;Men;jan/08;169000
35 to 44 years;Men;jan/08;155000
45 to 54 years;Men;jan/08;145000
55 to 64 years;Men;jan/08;75000
65 years and over;Men;jan/08;39000
16 to 19 years;Women;jan/08;47000
20 to 24 years;Women;jan/08;76000
25 to 34 years;Women;jan/08;93000
35 to 44 years;Women;jan/08;126000
45 to 54 years;Women;jan/08;153000
55 to 64 years;Women;jan/08;88000
65 years and over;Women;jan/08;99000
16 to 19 years;Men;fev/08;105000
20 to 24 years;Men;fev/08;146000
25 to 34 years;Men;fev/08;121000
35 to 44 years;Men;fev/08;151000
45 to 54 years;Men;fev/08;164000
55 to 64 years;Men;fev/08;95000
65 years and over;Men;fev/08;31000
16 to 19 years;Women;fev/08;37000
20 to 24 years;Women;fev/08;56000
25 to 34 years;Women;fev/08;107000
35 to 44 years;Women;fev/08;97000
45 to 54 years;Women;fev/08;130000
55 to 64 years;Women;fev/08;103000
65 years and over;Women;fev/08;106000
16 to 19 years;Men;mar/08;71000
20 to 24 years;Men;mar/08;142000
25 to 34 years;Men;mar/08;145000
35 to 44 years;Men;mar/08;154000
45 to 54 years;Men;mar/08;201000
55 to 64 years;Men;mar/08;78000
65 years and over;Men;mar/08;34000
16 to 19 years;Women;mar/08;51000
20 to 24 years;Women;mar/08;52000
25 to 34 years;Women;mar/08;124000
35 to 44 years;Women;mar/08;101000
45 to 54 years;Women;mar/08;113000
55 to 64 years;Women;mar/08;75000
65 years and over;Women;mar/08;101000
16 to 19 years;Men;abr/08;95000
20 to 24 years;Men;abr/08;154000
25 to 34 years;Men;abr/08;165000
35 to 44 years;Men;abr/08;175000
45 to 54 years;Men;abr/08;203000
55 to 64 years;Men;abr/08;67000
65 years and over;Men;abr/08;33000
16 to 19 years;Women;abr/08;50000
20 to 24 years;Women;abr/08;44000
25 to 34 years;Women;abr/08;137000
35 to 44 years;Women;abr/08;85000
45 to 54 years;Women;abr/08;154000
55 to 64 years;Women;abr/08;72000
65 years and over;Women;abr/08;98000
16 to 19 years;Men;mai/08;91000
20 to 24 years;Men;mai/08;174000
25 to 34 years;Men;mai/08;180000
35 to 44 years;Men;mai/08;143000
45 to 54 years;Men;mai/08;183000
55 to 64 years;Men;mai/08;94000
65 years and over;Men;mai/08;27000
16 to 19 years;Women;mai/08;69000
20 to 24 years;Women;mai/08;61000
25 to 34 years;Women;mai/08;148000
35 to 44 years;Women;mai/08;118000
45 to 54 years;Women;mai/08;183000
55 to 64 years;Women;mai/08;76000
65 years and over;Women;mai/08;67000
16 to 19 years;Men;jun/08;80000
20 to 24 years;Men;jun/08;160000
25 to 34 years;Men;jun/08;210000
35 to 44 years;Men;jun/08;158000
45 to 54 years;Men;jun/08;173000
55 to 64 years;Men;jun/08;99000
65 years and over;Men;jun/08;25000
16 to 19 years;Women;jun/08;51000
20 to 24 years;Women;jun/08;71000
25 to 34 years;Women;jun/08;132000
35 to 44 years;Women;jun/08;118000
45 to 54 years;Women;jun/08;168000
55 to 64 years;Women;jun/08;66000
65 years and over;Women;jun/08;99000
16 to 19 years;Men;jul/08;74000
20 to 24 years;Men;jul/08;151000
25 to 34 years;Men;jul/08;193000
35 to 44 years;Men;jul/08;201000
45 to 54 years;Men;jul/08;196000
55 to 64 years;Men;jul/08;70000
65 years and over;Men;jul/08;37000
16 to 19 years;Women;jul/08;48000
20 to 24 years;Women;jul/08;85000
25 to 34 years;Women;jul/08;163000
35 to 44 years;Women;jul/08;147000
45 to 54 years;Women;jul/08;197000
55 to 64 years;Women;jul/08;78000
65 years and over;Women;jul/08;133000
16 to 19 years;Men;ago/08;78000
20 to 24 years;Men;ago/08;138000
25 to 34 years;Men;ago/08;222000
35 to 44 years;Men;ago/08;208000
45 to 54 years;Men;ago/08;206000
55 to 64 years;Men;ago/08;103000
65 years and over;Men;ago/08;50000
16 to 19 years;Women;ago/08;62000
20 to 24 years;Women;ago/08;101000
25 to 34 years;Women;ago/08;204000
35 to 44 years;Women;ago/08;166000
45 to 54 years;Women;ago/08;209000
55 to 64 years;Women;ago/08;99000
65 years and over;Women;ago/08;149000
16 to 19 years;Men;set/08;75000
20 to 24 years;Men;set/08;169000
25 to 34 years;Men;set/08;249000
35 to 44 years;Men;set/08;235000
45 to 54 years;Men;set/08;212000
55 to 64 years;Men;set/08;126000
65 years and over;Men;set/08;46000
16 to 19 years;Women;set/08;69000
20 to 24 years;Women;set/08;141000
25 to 34 years;Women;set/08;177000
35 to 44 years;Women;set/08;146000
45 to 54 years;Women;set/08;231000
55 to 64 years;Women;set/08;112000
65 years and over;Women;set/08;125000
16 to 19 years;Men;out/08;114000
20 to 24 years;Men;out/08;176000
25 to 34 years;Men;out/08;281000
35 to 44 years;Men;out/08;250000
45 to 54 years;Men;out/08;217000
55 to 64 years;Men;out/08;158000
65 years and over;Men;out/08;45000
16 to 19 years;Women;out/08;48000
20 to 24 years;Women;out/08;104000
25 to 34 years;Women;out/08;222000
35 to 44 years;Women;out/08;192000
45 to 54 years;Women;out/08;243000
55 to 64 years;Women;out/08;132000
65 years and over;Women;out/08;146000
16 to 19 years;Men;nov/08;106000
20 to 24 years;Men;nov/08;152000
25 to 34 years;Men;nov/08;316000
35 to 44 years;Men;nov/08;206000
45 to 54 years;Men;nov/08;253000
55 to 64 years;Men;nov/08;171000
65 years and over;Men;nov/08;57000
16 to 19 years;Women;nov/08;53000
20 to 24 years;Women;nov/08;106000
25 to 34 years;Women;nov/08;202000
35 to 44 years;Women;nov/08;203000
45 to 54 years;Women;nov/08;189000
55 to 64 years;Women;nov/08;156000
65 years and over;Women;nov/08;95000
16 to 19 years;Men;dez/08;109000
20 to 24 years;Men;dez/08;216000
25 to 34 years;Men;dez/08;323000
35 to 44 years;Men;dez/08;253000
45 to 54 years;Men;dez/08;318000
55 to 64 years;Men;dez/08;173000
65 years and over;Men;dez/08;66000
16 to 19 years;Women;dez/08;83000
20 to 24 years;Women;dez/08;132000
25 to 34 years;Women;dez/08;165000
35 to 44 years;Women;dez/08;222000
45 to 54 years;Women;dez/08;246000
55 to 64 years;Women;dez/08;174000
65 years and over;Women;dez/08;109000
16 to 19 years;Men;jan/09;135000
20 to 24 years;Men;jan/09;234000
25 to 34 years;Men;jan/09;331000
35 to 44 years;Men;jan/09;279000
45 to 54 years;Men;jan/09;372000
55 to 64 years;Men;jan/09;179000
65 years and over;Men;jan/09;78000
16 to 19 years;Women;jan/09;86000
20 to 24 years;Women;jan/09;123000
25 to 34 years;Women;jan/09;209000
35 to 44 years;Women;jan/09;272000
45 to 54 years;Women;jan/09;223000
55 to 64 years;Women;jan/09;186000
65 years and over;Women;jan/09;146000
16 to 19 years;Men;fev/09;198000
20 to 24 years;Men;fev/09;258000
25 to 34 years;Men;fev/09;363000
35 to 44 years;Men;fev/09;311000
45 to 54 years;Men;fev/09;438000
55 to 64 years;Men;fev/09;196000
65 years and over;Men;fev/09;100000
16 to 19 years;Women;fev/09;85000
20 to 24 years;Women;fev/09;178000
25 to 34 years;Women;fev/09;209000
35 to 44 years;Women;fev/09;293000
45 to 54 years;Women;fev/09;241000
55 to 64 years;Women;fev/09;149000
65 years and over;Women;fev/09;167000
16 to 19 years;Men;mar/09;152000
20 to 24 years;Men;mar/09;288000
25 to 34 years;Men;mar/09;406000
35 to 44 years;Men;mar/09;399000
45 to 54 years;Men;mar/09;461000
55 to 64 years;Men;mar/09;239000
65 years and over;Men;mar/09;80000
16 to 19 years;Women;mar/09;112000
20 to 24 years;Women;mar/09;169000
25 to 34 years;Women;mar/09;242000
35 to 44 years;Women;mar/09;279000
45 to 54 years;Women;mar/09;282000
55 to 64 years;Women;mar/09;180000
65 years and over;Women;mar/09;160000
16 to 19 years;Men;abr/09;213000
20 to 24 years;Men;abr/09;366000
25 to 34 years;Men;abr/09;506000
35 to 44 years;Men;abr/09;485000
45 to 54 years;Men;abr/09;489000
55 to 64 years;Men;abr/09;269000
65 years and over;Men;abr/09;79000
16 to 19 years;Women;abr/09;121000
20 to 24 years;Women;abr/09;167000
25 to 34 years;Women;abr/09;318000
35 to 44 years;Women;abr/09;302000
45 to 54 years;Women;abr/09;325000
55 to 64 years;Women;abr/09;205000
65 years and over;Women;abr/09;145000
16 to 19 years;Men;mai/09;174000
20 to 24 years;Men;mai/09;366000
25 to 34 years;Men;mai/09;537000
35 to 44 years;Men;mai/09;450000
45 to 54 years;Men;mai/09;479000
55 to 64 years;Men;mai/09;282000
65 years and over;Men;mai/09;87000
16 to 19 years;Women;mai/09;102000
20 to 24 years;Women;mai/09;212000
25 to 34 years;Women;mai/09;377000
35 to 44 years;Women;mai/09;297000
45 to 54 years;Women;mai/09;327000
55 to 64 years;Women;mai/09;214000
65 years and over;Women;mai/09;171000
16 to 19 years;Men;jun/09;207000
20 to 24 years;Men;jun/09;300000
25 to 34 years;Men;jun/09;553000
35 to 44 years;Men;jun/09;495000
45 to 54 years;Men;jun/09;488000
55 to 64 years;Men;jun/09;361000
65 years and over;Men;jun/09;107000
16 to 19 years;Women;jun/09;118000
20 to 24 years;Women;jun/09;212000
25 to 34 years;Women;jun/09;382000
35 to 44 years;Women;jun/09;355000
45 to 54 years;Women;jun/09;354000
55 to 64 years;Women;jun/09;231000
65 years and over;Women;jun/09;197000
16 to 19 years;Men;jul/09;192000
20 to 24 years;Men;jul/09;416000
25 to 34 years;Men;jul/09;730000
35 to 44 years;Men;jul/09;551000
45 to 54 years;Men;jul/09;552000
55 to 64 years;Men;jul/09;378000
65 years and over;Men;jul/09;109000
16 to 19 years;Women;jul/09;126000
20 to 24 years;Women;jul/09;277000
25 to 34 years;Women;jul/09;480000
35 to 44 years;Women;jul/09;409000
45 to 54 years;Women;jul/09;393000
55 to 64 years;Women;jul/09;261000
65 years and over;Women;jul/09;210000
16 to 19 years;Men;ago/09;180000
20 to 24 years;Men;ago/09;360000
25 to 34 years;Men;ago/09;734000
35 to 44 years;Men;ago/09;574000
45 to 54 years;Men;ago/09;626000
55 to 64 years;Men;ago/09;379000
65 years and over;Men;ago/09;105000
16 to 19 years;Women;ago/09;94000
20 to 24 years;Women;ago/09;242000
25 to 34 years;Women;ago/09;492000
35 to 44 years;Women;ago/09;430000
45 to 54 years;Women;ago/09;464000
55 to 64 years;Women;ago/09;294000
65 years and over;Women;ago/09;196000
16 to 19 years;Men;set/09;165000
20 to 24 years;Men;set/09;395000
25 to 34 years;Men;set/09;764000
35 to 44 years;Men;set/09;635000
45 to 54 years;Men;set/09;698000
55 to 64 years;Men;set/09;376000
65 years and over;Men;set/09;119000
16 to 19 years;Women;set/09;99000
20 to 24 years;Women;set/09;306000
25 to 34 years;Women;set/09;510000
35 to 44 years;Women;set/09;508000
45 to 54 years;Women;set/09;498000
55 to 64 years;Women;set/09;286000
65 years and over;Women;set/09;210000
16 to 19 years;Men;out/09;229000
20 to 24 years;Men;out/09;400000
25 to 34 years;Men;out/09;738000
35 to 44 years;Men;out/09;647000
45 to 54 years;Men;out/09;730000
55 to 64 years;Men;out/09;390000
65 years and over;Men;out/09;102000
16 to 19 years;Women;out/09;118000
20 to 24 years;Women;out/09;245000
25 to 34 years;Women;out/09;550000
35 to 44 years;Women;out/09;474000
45 to 54 years;Women;out/09;510000
55 to 64 years;Women;out/09;309000
65 years and over;Women;out/09;188000
16 to 19 years;Men;nov/09;228000
20 to 24 years;Men;nov/09;425000
25 to 34 years;Men;nov/09;787000
35 to 44 years;Men;nov/09;668000
45 to 54 years;Men;nov/09;816000
55 to 64 years;Men;nov/09;468000
65 years and over;Men;nov/09;115000
16 to 19 years;Women;nov/09;113000
20 to 24 years;Women;nov/09;297000
25 to 34 years;Women;nov/09;481000
35 to 44 years;Women;nov/09;497000
45 to 54 years;Women;nov/09;513000
55 to 64 years;Women;nov/09;347000
65 years and over;Women;nov/09;184000
16 to 19 years;Men;dez/09;237000
20 to 24 years;Men;dez/09;428000
25 to 34 years;Men;dez/09;810000
35 to 44 years;Men;dez/09;699000
45 to 54 years;Men;dez/09;848000
55 to 64 years;Men;dez/09;471000
65 years and over;Men;dez/09;123000
16 to 19 years;Women;dez/09;136000
20 to 24 years;Women;dez/09;230000
25 to 34 years;Women;dez/09;463000
35 to 44 years;Women;dez/09;492000
45 to 54 years;Women;dez/09;535000
55 to 64 years;Women;dez/09;335000
65 years and over;Women;dez/09;186000
16 to 19 years;Men;jan/10;227000
20 to 24 years;Men;jan/10;542000
25 to 34 years;Men;jan/10;913000
35 to 44 years;Men;jan/10;733000
45 to 54 years;Men;jan/10;897000
55 to 64 years;Men;jan/10;549000
65 years and over;Men;jan/10;136000
16 to 19 years;Women;jan/10;134000
20 to 24 years;Women;jan/10;244000
25 to 34 years;Women;jan/10;535000
35 to 44 years;Women;jan/10;483000
45 to 54 years;Women;jan/10;588000
55 to 64 years;Women;jan/10;347000
65 years and over;Women;jan/10;195000
16 to 19 years;Men;fev/10;228000
20 to 24 years;Men;fev/10;516000
25 to 34 years;Men;fev/10;951000
35 to 44 years;Men;fev/10;828000
45 to 54 years;Men;fev/10;821000
55 to 64 years;Men;fev/10;546000
65 years and over;Men;fev/10;144000
16 to 19 years;Women;fev/10;132000
20 to 24 years;Women;fev/10;231000
25 to 34 years;Women;fev/10;455000
35 to 44 years;Women;fev/10;471000
45 to 54 years;Women;fev/10;544000
55 to 64 years;Women;fev/10;344000
65 years and over;Women;fev/10;228000
16 to 19 years;Men;mar/10;286000
20 to 24 years;Men;mar/10;564000
25 to 34 years;Men;mar/10;999000
35 to 44 years;Men;mar/10;757000
45 to 54 years;Men;mar/10;927000
55 to 64 years;Men;mar/10;536000
65 years and over;Men;mar/10;132000
16 to 19 years;Women;mar/10;152000
20 to 24 years;Women;mar/10;245000
25 to 34 years;Women;mar/10;522000
35 to 44 years;Women;mar/10;565000
45 to 54 years;Women;mar/10;605000
55 to 64 years;Women;mar/10;323000
65 years and over;Women;mar/10;191000
16 to 19 years;Men;abr/10;296000
20 to 24 years;Men;abr/10;653000
25 to 34 years;Men;abr/10;956000
35 to 44 years;Men;abr/10;807000
45 to 54 years;Men;abr/10;931000
55 to 64 years;Men;abr/10;544000
65 years and over;Men;abr/10;151000
16 to 19 years;Women;abr/10;118000
20 to 24 years;Women;abr/10;314000
25 to 34 years;Women;abr/10;608000
35 to 44 years;Women;abr/10;578000
45 to 54 years;Women;abr/10;623000
55 to 64 years;Women;abr/10;364000
65 years and over;Women;abr/10;156000
16 to 19 years;Men;mai/10;240000
20 to 24 years;Men;mai/10;493000
25 to 34 years;Men;mai/10;1.011.000
35 to 44 years;Men;mai/10;704000
45 to 54 years;Men;mai/10;827000
55 to 64 years;Men;mai/10;553000
65 years and over;Men;mai/10;144000
16 to 19 years;Women;mai/10;159000
20 to 24 years;Women;mai/10;293000
25 to 34 years;Women;mai/10;631000
35 to 44 years;Women;mai/10;550000
45 to 54 years;Women;mai/10;546000
55 to 64 years;Women;mai/10;403000
65 years and over;Women;mai/10;172000
16 to 19 years;Men;jun/10;280000
20 to 24 years;Men;jun/10;516000
25 to 34 years;Men;jun/10;931000
35 to 44 years;Men;jun/10;699000
45 to 54 years;Men;jun/10;862000
55 to 64 years;Men;jun/10;485000
65 years and over;Men;jun/10;115000
16 to 19 years;Women;jun/10;117000
20 to 24 years;Women;jun/10;301000
25 to 34 years;Women;jun/10;578000
35 to 44 years;Women;jun/10;538000
45 to 54 years;Women;jun/10;528000
55 to 64 years;Women;jun/10;399000
65 years and over;Women;jun/10;161000
16 to 19 years;Men;jul/10;238000
20 to 24 years;Men;jul/10;566000
25 to 34 years;Men;jul/10;814000
35 to 44 years;Men;jul/10;635000
45 to 54 years;Men;jul/10;848000
55 to 64 years;Men;jul/10;526000
65 years and over;Men;jul/10;135000
16 to 19 years;Women;jul/10;152000
20 to 24 years;Women;jul/10;359000
25 to 34 years;Women;jul/10;630000
35 to 44 years;Women;jul/10;568000
45 to 54 years;Women;jul/10;575000
55 to 64 years;Women;jul/10;390000
65 years and over;Women;jul/10;213000
16 to 19 years;Men;ago/10;197000
20 to 24 years;Men;ago/10;505000
25 to 34 years;Men;ago/10;789000
35 to 44 years;Men;ago/10;707000
45 to 54 years;Men;ago/10;833000
55 to 64 years;Men;ago/10;516000
65 years and over;Men;ago/10;134000
16 to 19 years;Women;ago/10;126000
20 to 24 years;Women;ago/10;273000
25 to 34 years;Women;ago/10;579000
35 to 44 years;Women;ago/10;547000
45 to 54 years;Women;ago/10;598000
55 to 64 years;Women;ago/10;385000
65 years and over;Women;ago/10;197000
16 to 19 years;Men;set/10;158000
20 to 24 years;Men;set/10;414000
25 to 34 years;Men;set/10;815000
35 to 44 years;Men;set/10;743000
45 to 54 years;Men;set/10;808000
55 to 64 years;Men;set/10;489000
65 years and over;Men;set/10;134000
16 to 19 years;Women;set/10;93000
20 to 24 years;Women;set/10;252000
25 to 34 years;Women;set/10;615000
35 to 44 years;Women;set/10;546000
45 to 54 years;Women;set/10;538000
55 to 64 years;Women;set/10;408000
65 years and over;Women;set/10;192000
16 to 19 years;Men;out/10;162000
20 to 24 years;Men;out/10;457000
25 to 34 years;Men;out/10;718000
35 to 44 years;Men;out/10;698000
45 to 54 years;Men;out/10;811000
55 to 64 years;Men;out/10;530000
65 years and over;Men;out/10;141000
16 to 19 years;Women;out/10;144000
20 to 24 years;Women;out/10;315000
25 to 34 years;Women;out/10;601000
35 to 44 years;Women;out/10;485000
45 to 54 years;Women;out/10;571000
55 to 64 years;Women;out/10;374000
65 years and over;Women;out/10;158000
16 to 19 years;Men;nov/10;149000
20 to 24 years;Men;nov/10;440000
25 to 34 years;Men;nov/10;739000
35 to 44 years;Men;nov/10;699000
45 to 54 years;Men;nov/10;879000
55 to 64 years;Men;nov/10;539000
65 years and over;Men;nov/10;173000
16 to 19 years;Women;nov/10;105000
20 to 24 years;Women;nov/10;306000
25 to 34 years;Women;nov/10;578000
35 to 44 years;Women;nov/10;529000
45 to 54 years;Women;nov/10;621000
55 to 64 years;Women;nov/10;394000
65 years and over;Women;nov/10;205000
16 to 19 years;Men;dez/10;149000
20 to 24 years;Men;dez/10;456000
25 to 34 years;Men;dez/10;750000
35 to 44 years;Men;dez/10;693000
45 to 54 years;Men;dez/10;877000
55 to 64 years;Men;dez/10;476000
65 years and over;Men;dez/10;157000
16 to 19 years;Women;dez/10;143000
20 to 24 years;Women;dez/10;297000
25 to 34 years;Women;dez/10;576000
35 to 44 years;Women;dez/10;557000
45 to 54 years;Women;dez/10;577000
55 to 64 years;Women;dez/10;378000
65 years and over;Women;dez/10;182000
16 to 19 years;Men;jan/11;204000
20 to 24 years;Men;jan/11;507000
25 to 34 years;Men;jan/11;803000
35 to 44 years;Men;jan/11;704000
45 to 54 years;Men;jan/11;788000
55 to 64 years;Men;jan/11;509000
65 years and over;Men;jan/11;152000
16 to 19 years;Women;jan/11;148000
20 to 24 years;Women;jan/11;348000
25 to 34 years;Women;jan/11;525000
35 to 44 years;Women;jan/11;530000
45 to 54 years;Women;jan/11;630000
55 to 64 years;Women;jan/11;355000
65 years and over;Women;jan/11;205000
16 to 19 years;Men;fev/11;196000
20 to 24 years;Men;fev/11;460000
25 to 34 years;Men;fev/11;812000
35 to 44 years;Men;fev/11;648000
45 to 54 years;Men;fev/11;752000
55 to 64 years;Men;fev/11;503000
65 years and over;Men;fev/11;145000
16 to 19 years;Women;fev/11;99000
20 to 24 years;Women;fev/11;371000
25 to 34 years;Women;fev/11;542000
35 to 44 years;Women;fev/11;520000
45 to 54 years;Women;fev/11;608000
55 to 64 years;Women;fev/11;318000
65 years and over;Women;fev/11;190000
16 to 19 years;Men;mar/11;205000
20 to 24 years;Men;mar/11;510000
25 to 34 years;Men;mar/11;849000
35 to 44 years;Men;mar/11;709000
45 to 54 years;Men;mar/11;784000
55 to 64 years;Men;mar/11;533000
65 years and over;Men;mar/11;140000
16 to 19 years;Women;mar/11;134000
20 to 24 years;Women;mar/11;329000
25 to 34 years;Women;mar/11;514000
35 to 44 years;Women;mar/11;514000
45 to 54 years;Women;mar/11;589000
55 to 64 years;Women;mar/11;362000
65 years and over;Women;mar/11;175000
16 to 19 years;Men;abr/11;241000
20 to 24 years;Men;abr/11;481000
25 to 34 years;Men;abr/11;866000
35 to 44 years;Men;abr/11;641000
45 to 54 years;Men;abr/11;710000
55 to 64 years;Men;abr/11;491000
65 years and over;Men;abr/11;137000
16 to 19 years;Women;abr/11;115000
20 to 24 years;Women;abr/11;324000
25 to 34 years;Women;abr/11;571000
35 to 44 years;Women;abr/11;505000
45 to 54 years;Women;abr/11;578000
55 to 64 years;Women;abr/11;355000
65 years and over;Women;abr/11;161000
16 to 19 years;Men;mai/11;196000
20 to 24 years;Men;mai/11;455000
25 to 34 years;Men;mai/11;857000
35 to 44 years;Men;mai/11;602000
45 to 54 years;Men;mai/11;779000
55 to 64 years;Men;mai/11;496000
65 years and over;Men;mai/11;148000
16 to 19 years;Women;mai/11;162000
20 to 24 years;Women;mai/11;354000
25 to 34 years;Women;mai/11;559000
35 to 44 years;Women;mai/11;485000
45 to 54 years;Women;mai/11;588000
55 to 64 years;Women;mai/11;382000
65 years and over;Women;mai/11;184000
16 to 19 years;Men;jun/11;180000
20 to 24 years;Men;jun/11;451000
25 to 34 years;Men;jun/11;749000
35 to 44 years;Men;jun/11;693000
45 to 54 years;Men;jun/11;685000
55 to 64 years;Men;jun/11;505000
65 years and over;Men;jun/11;148000
16 to 19 years;Women;jun/11;151000
20 to 24 years;Women;jun/11;297000
25 to 34 years;Women;jun/11;599000
35 to 44 years;Women;jun/11;528000
45 to 54 years;Women;jun/11;596000
55 to 64 years;Women;jun/11;388000
65 years and over;Women;jun/11;166000
16 to 19 years;Men;jul/11;164000
20 to 24 years;Men;jul/11;423000
25 to 34 years;Men;jul/11;761000
35 to 44 years;Men;jul/11;600000
45 to 54 years;Men;jul/11;757000
55 to 64 years;Men;jul/11;524000
65 years and over;Men;jul/11;159000
16 to 19 years;Women;jul/11;171000
20 to 24 years;Women;jul/11;312000
25 to 34 years;Women;jul/11;688000
35 to 44 years;Women;jul/11;543000
45 to 54 years;Women;jul/11;596000
55 to 64 years;Women;jul/11;403000
65 years and over;Women;jul/11;219000
16 to 19 years;Men;ago/11;163000
20 to 24 years;Men;ago/11;418000
25 to 34 years;Men;ago/11;682000
35 to 44 years;Men;ago/11;665000
45 to 54 years;Men;ago/11;670000
55 to 64 years;Men;ago/11;468000
65 years and over;Men;ago/11;153000
16 to 19 years;Women;ago/11;195000
20 to 24 years;Women;ago/11;281000
25 to 34 years;Women;ago/11;645000
35 to 44 years;Women;ago/11;541000
45 to 54 years;Women;ago/11;624000
55 to 64 years;Women;ago/11;422000
65 years and over;Women;ago/11;227000
16 to 19 years;Men;set/11;134000
20 to 24 years;Men;set/11;443000
25 to 34 years;Men;set/11;727000
35 to 44 years;Men;set/11;649000
45 to 54 years;Men;set/11;717000
55 to 64 years;Men;set/11;495000
65 years and over;Men;set/11;168000
16 to 19 years;Women;set/11;157000
20 to 24 years;Women;set/11;322000
25 to 34 years;Women;set/11;713000
35 to 44 years;Women;set/11;503000
45 to 54 years;Women;set/11;626000
55 to 64 years;Women;set/11;445000
65 years and over;Women;set/11;224000
16 to 19 years;Men;out/11;146000
20 to 24 years;Men;out/11;392000
25 to 34 years;Men;out/11;682000
35 to 44 years;Men;out/11;597000
45 to 54 years;Men;out/11;668000
55 to 64 years;Men;out/11;492000
65 years and over;Men;out/11;157000
16 to 19 years;Women;out/11;113000
20 to 24 years;Women;out/11;329000
25 to 34 years;Women;out/11;670000
35 to 44 years;Women;out/11;436000
45 to 54 years;Women;out/11;550000
55 to 64 years;Women;out/11;416000
65 years and over;Women;out/11;263000
16 to 19 years;Men;nov/11;189000
20 to 24 years;Men;nov/11;462000
25 to 34 years;Men;nov/11;649000
35 to 44 years;Men;nov/11;560000
45 to 54 years;Men;nov/11;631000
55 to 64 years;Men;nov/11;471000
65 years and over;Men;nov/11;172000
16 to 19 years;Women;nov/11;111000
20 to 24 years;Women;nov/11;307000
25 to 34 years;Women;nov/11;596000
35 to 44 years;Women;nov/11;460000
45 to 54 years;Women;nov/11;521000
55 to 64 years;Women;nov/11;387000
65 years and over;Women;nov/11;230000
16 to 19 years;Men;dez/11;150000
20 to 24 years;Men;dez/11;474000
25 to 34 years;Men;dez/11;699000
35 to 44 years;Men;dez/11;581000
45 to 54 years;Men;dez/11;575000
55 to 64 years;Men;dez/11;404000
65 years and over;Men;dez/11;150000
16 to 19 years;Women;dez/11;96000
20 to 24 years;Women;dez/11;250000
25 to 34 years;Women;dez/11;580000
35 to 44 years;Women;dez/11;467000
45 to 54 years;Women;dez/11;531000
55 to 64 years;Women;dez/11;349000
65 years and over;Women;dez/11;208000
16 to 19 years;Men;jan/12;200000
20 to 24 years;Men;jan/12;480000
25 to 34 years;Men;jan/12;690000
35 to 44 years;Men;jan/12;551000
45 to 54 years;Men;jan/12;563000
55 to 64 years;Men;jan/12;480000
65 years and over;Men;jan/12;130000
16 to 19 years;Women;jan/12;139000
20 to 24 years;Women;jan/12;239000
25 to 34 years;Women;jan/12;559000
35 to 44 years;Women;jan/12;551000
45 to 54 years;Women;jan/12;536000
55 to 64 years;Women;jan/12;377000
65 years and over;Women;jan/12;201000
16 to 19 years;Men;fev/12;184000
20 to 24 years;Men;fev/12;489000
25 to 34 years;Men;fev/12;626000
35 to 44 years;Men;fev/12;478000
45 to 54 years;Men;fev/12;599000
55 to 64 years;Men;fev/12;428000
65 years and over;Men;fev/12;118000
16 to 19 years;Women;fev/12;136000
20 to 24 years;Women;fev/12;264000
25 to 34 years;Women;fev/12;522000
35 to 44 years;Women;fev/12;502000
45 to 54 years;Women;fev/12;573000
55 to 64 years;Women;fev/12;362000
65 years and over;Women;fev/12;230000
16 to 19 years;Men;mar/12;186000
20 to 24 years;Men;mar/12;439000
25 to 34 years;Men;mar/12;716000
35 to 44 years;Men;mar/12;512000
45 to 54 years;Men;mar/12;579000
55 to 64 years;Men;mar/12;495000
65 years and over;Men;mar/12;118000
16 to 19 years;Women;mar/12;151000
20 to 24 years;Women;mar/12;255000
25 to 34 years;Women;mar/12;481000
35 to 44 years;Women;mar/12;414000
45 to 54 years;Women;mar/12;547000
55 to 64 years;Women;mar/12;389000
65 years and over;Women;mar/12;191000
16 to 19 years;Men;abr/12;180000
20 to 24 years;Men;abr/12;439000
25 to 34 years;Men;abr/12;645000
35 to 44 years;Men;abr/12;548000
45 to 54 years;Men;abr/12;543000
55 to 64 years;Men;abr/12;456000
65 years and over;Men;abr/12;133000
16 to 19 years;Women;abr/12;146000
20 to 24 years;Women;abr/12;215000
25 to 34 years;Women;abr/12;523000
35 to 44 years;Women;abr/12;391000
45 to 54 years;Women;abr/12;554000
55 to 64 years;Women;abr/12;370000
65 years and over;Women;abr/12;212000
16 to 19 years;Men;mai/12;168000
20 to 24 years;Men;mai/12;475000
25 to 34 years;Men;mai/12;606000
35 to 44 years;Men;mai/12;532000
45 to 54 years;Men;mai/12;590000
55 to 64 years;Men;mai/12;467000
65 years and over;Men;mai/12;171000
16 to 19 years;Women;mai/12;127000
20 to 24 years;Women;mai/12;246000
25 to 34 years;Women;mai/12;548000
35 to 44 years;Women;mai/12;516000
45 to 54 years;Women;mai/12;507000
55 to 64 years;Women;mai/12;336000
65 years and over;Women;mai/12;228000
16 to 19 years;Men;jun/12;159000
20 to 24 years;Men;jun/12;446000
25 to 34 years;Men;jun/12;581000
35 to 44 years;Men;jun/12;531000
45 to 54 years;Men;jun/12;586000
55 to 64 years;Men;jun/12;410000
65 years and over;Men;jun/12;184000
16 to 19 years;Women;jun/12;118000
20 to 24 years;Women;jun/12;239000
25 to 34 years;Women;jun/12;553000
35 to 44 years;Women;jun/12;490000
45 to 54 years;Women;jun/12;489000
55 to 64 years;Women;jun/12;308000
65 years and over;Women;jun/12;235000
16 to 19 years;Men;jul/12;149000
20 to 24 years;Men;jul/12;435000
25 to 34 years;Men;jul/12;536000
35 to 44 years;Men;jul/12;534000
45 to 54 years;Men;jul/12;574000
55 to 64 years;Men;jul/12;389000
65 years and over;Men;jul/12;168000
16 to 19 years;Women;jul/12;121000
20 to 24 years;Women;jul/12;280000
25 to 34 years;Women;jul/12;526000
35 to 44 years;Women;jul/12;490000
45 to 54 years;Women;jul/12;559000
55 to 64 years;Women;jul/12;359000
65 years and over;Women;jul/12;244000
16 to 19 years;Men;ago/12;121000
20 to 24 years;Men;ago/12;460000
25 to 34 years;Men;ago/12;504000
35 to 44 years;Men;ago/12;471000
45 to 54 years;Men;ago/12;583000
55 to 64 years;Men;ago/12;386000
65 years and over;Men;ago/12;152000
16 to 19 years;Women;ago/12;114000
20 to 24 years;Women;ago/12;296000
25 to 34 years;Women;ago/12;481000
35 to 44 years;Women;ago/12;474000
45 to 54 years;Women;ago/12;545000
55 to 64 years;Women;ago/12;330000
65 years and over;Women;ago/12;243000
16 to 19 years;Men;set/12;147000
20 to 24 years;Men;set/12;368000
25 to 34 years;Men;set/12;560000
35 to 44 years;Men;set/12;458000
45 to 54 years;Men;set/12;508000
55 to 64 years;Men;set/12;412000
65 years and over;Men;set/12;162000
16 to 19 years;Women;set/12;82000
20 to 24 years;Women;set/12;242000
25 to 34 years;Women;set/12;516000
35 to 44 years;Women;set/12;419000
45 to 54 years;Women;set/12;522000
55 to 64 years;Women;set/12;341000
65 years and over;Women;set/12;196000
16 to 19 years;Men;out/12;160000
20 to 24 years;Men;out/12;348000
25 to 34 years;Men;out/12;617000
35 to 44 years;Men;out/12;493000
45 to 54 years;Men;out/12;562000
55 to 64 years;Men;out/12;392000
65 years and over;Men;out/12;120000
16 to 19 years;Women;out/12;105000
20 to 24 years;Women;out/12;252000
25 to 34 years;Women;out/12;521000
35 to 44 years;Women;out/12;417000
45 to 54 years;Women;out/12;469000
55 to 64 years;Women;out/12;343000
65 years and over;Women;out/12;206000
16 to 19 years;Men;nov/12;192000
20 to 24 years;Men;nov/12;323000
25 to 34 years;Men;nov/12;538000
35 to 44 years;Men;nov/12;490000
45 to 54 years;Men;nov/12;509000
55 to 64 years;Men;nov/12;459000
65 years and over;Men;nov/12;115000
16 to 19 years;Women;nov/12;96000
20 to 24 years;Women;nov/12;269000
25 to 34 years;Women;nov/12;482000
35 to 44 years;Women;nov/12;369000
45 to 54 years;Women;nov/12;450000
55 to 64 years;Women;nov/12;312000
65 years and over;Women;nov/12;195000
16 to 19 years;Men;dez/12;155000
20 to 24 years;Men;dez/12;368000
25 to 34 years;Men;dez/12;526000
35 to 44 years;Men;dez/12;476000
45 to 54 years;Men;dez/12;475000
55 to 64 years;Men;dez/12;404000
65 years and over;Men;dez/12;97000
16 to 19 years;Women;dez/12;69000
20 to 24 years;Women;dez/12;262000
25 to 34 years;Women;dez/12;444000
35 to 44 years;Women;dez/12;451000
45 to 54 years;Women;dez/12;470000
55 to 64 years;Women;dez/12;328000
65 years and over;Women;dez/12;191000
16 to 19 years;Men;jan/13;166000
20 to 24 years;Men;jan/13;436000
25 to 34 years;Men;jan/13;528000
35 to 44 years;Men;jan/13;479000
45 to 54 years;Men;jan/13;477000
55 to 64 years;Men;jan/13;395000
65 years and over;Men;jan/13;125000
16 to 19 years;Women;jan/13;107000
20 to 24 years;Women;jan/13;264000
25 to 34 years;Women;jan/13;436000
35 to 44 years;Women;jan/13;464000
45 to 54 years;Women;jan/13;470000
55 to 64 years;Women;jan/13;339000
65 years and over;Women;jan/13;219000
16 to 19 years;Men;fev/13;202000
20 to 24 years;Men;fev/13;405000
25 to 34 years;Men;fev/13;561000
35 to 44 years;Men;fev/13;471000
45 to 54 years;Men;fev/13;486000
55 to 64 years;Men;fev/13;410000
65 years and over;Men;fev/13;131000
16 to 19 years;Women;fev/13;95000
20 to 24 years;Women;fev/13;256000
25 to 34 years;Women;fev/13;431000
35 to 44 years;Women;fev/13;462000
45 to 54 years;Women;fev/13;479000
55 to 64 years;Women;fev/13;309000
65 years and over;Women;fev/13;198000
16 to 19 years;Men;mar/13;151000
20 to 24 years;Men;mar/13;381000
25 to 34 years;Men;mar/13;511000
35 to 44 years;Men;mar/13;500000
45 to 54 years;Men;mar/13;493000
55 to 64 years;Men;mar/13;421000
65 years and over;Men;mar/13;128000
16 to 19 years;Women;mar/13;103000
20 to 24 years;Women;mar/13;278000
25 to 34 years;Women;mar/13;414000
35 to 44 years;Women;mar/13;398000
45 to 54 years;Women;mar/13;461000
55 to 64 years;Women;mar/13;310000
65 years and over;Women;mar/13;187000
16 to 19 years;Men;abr/13;160000
20 to 24 years;Men;abr/13;363000
25 to 34 years;Men;abr/13;544000
35 to 44 years;Men;abr/13;421000
45 to 54 years;Men;abr/13;504000
55 to 64 years;Men;abr/13;378000
65 years and over;Men;abr/13;149000
16 to 19 years;Women;abr/13;124000
20 to 24 years;Women;abr/13;262000
25 to 34 years;Women;abr/13;413000
35 to 44 years;Women;abr/13;341000
45 to 54 years;Women;abr/13;444000
55 to 64 years;Women;abr/13;299000
65 years and over;Women;abr/13;180000
16 to 19 years;Men;mai/13;161000
20 to 24 years;Men;mai/13;380000
25 to 34 years;Men;mai/13;478000
35 to 44 years;Men;mai/13;426000
45 to 54 years;Men;mai/13;527000
55 to 64 years;Men;mai/13;376000
65 years and over;Men;mai/13;135000
16 to 19 years;Women;mai/13;94000
20 to 24 years;Women;mai/13;238000
25 to 34 years;Women;mai/13;386000
35 to 44 years;Women;mai/13;381000
45 to 54 years;Women;mai/13;426000
55 to 64 years;Women;mai/13;297000
65 years and over;Women;mai/13;143000
16 to 19 years;Men;jun/13;146000
20 to 24 years;Men;jun/13;418000
25 to 34 years;Men;jun/13;488000
35 to 44 years;Men;jun/13;366000
45 to 54 years;Men;jun/13;449000
55 to 64 years;Men;jun/13;325000
65 years and over;Men;jun/13;116000
16 to 19 years;Women;jun/13;106000
20 to 24 years;Women;jun/13;253000
25 to 34 years;Women;jun/13;427000
35 to 44 years;Women;jun/13;372000
45 to 54 years;Women;jun/13;398000
55 to 64 years;Women;jun/13;270000
65 years and over;Women;jun/13;226000
16 to 19 years;Men;jul/13;131000
20 to 24 years;Men;jul/13;377000
25 to 34 years;Men;jul/13;492000
35 to 44 years;Men;jul/13;421000
45 to 54 years;Men;jul/13;451000
55 to 64 years;Men;jul/13;353000
65 years and over;Men;jul/13;106000
16 to 19 years;Women;jul/13;79000
20 to 24 years;Women;jul/13;239000
25 to 34 years;Women;jul/13;507000
35 to 44 years;Women;jul/13;400000
45 to 54 years;Women;jul/13;405000
55 to 64 years;Women;jul/13;268000
65 years and over;Women;jul/13;170000
16 to 19 years;Men;ago/13;123000
20 to 24 years;Men;ago/13;393000
25 to 34 years;Men;ago/13;594000
35 to 44 years;Men;ago/13;462000
45 to 54 years;Men;ago/13;417000
55 to 64 years;Men;ago/13;364000
65 years and over;Men;ago/13;78000
16 to 19 years;Women;ago/13;77000
20 to 24 years;Women;ago/13;239000
25 to 34 years;Women;ago/13;458000
35 to 44 years;Women;ago/13;348000
45 to 54 years;Women;ago/13;372000
55 to 64 years;Women;ago/13;290000
65 years and over;Women;ago/13;167000
16 to 19 years;Men;set/13;141000
20 to 24 years;Men;set/13;403000
25 to 34 years;Men;set/13;479000
35 to 44 years;Men;set/13;454000
45 to 54 years;Men;set/13;404000
55 to 64 years;Men;set/13;385000
65 years and over;Men;set/13;91000
16 to 19 years;Women;set/13;37000
20 to 24 years;Women;set/13;211000
25 to 34 years;Women;set/13;421000
35 to 44 years;Women;set/13;307000
45 to 54 years;Women;set/13;363000
55 to 64 years;Women;set/13;302000
65 years and over;Women;set/13;195000
16 to 19 years;Men;out/13;132000
20 to 24 years;Men;out/13;319000
25 to 34 years;Men;out/13;437000
35 to 44 years;Men;out/13;410000
45 to 54 years;Men;out/13;424000
55 to 64 years;Men;out/13;363000
65 years and over;Men;out/13;97000
16 to 19 years;Women;out/13;73000
20 to 24 years;Women;out/13;210000
25 to 34 years;Women;out/13;445000
35 to 44 years;Women;out/13;303000
45 to 54 years;Women;out/13;355000
55 to 64 years;Women;out/13;317000
65 years and over;Women;out/13;186000
16 to 19 years;Men;nov/13;144000
20 to 24 years;Men;nov/13;289000
25 to 34 years;Men;nov/13;549000
35 to 44 years;Men;nov/13;411000
45 to 54 years;Men;nov/13;399000
55 to 64 years;Men;nov/13;339000
65 years and over;Men;nov/13;97000
16 to 19 years;Women;nov/13;75000
20 to 24 years;Women;nov/13;197000
25 to 34 years;Women;nov/13;435000
35 to 44 years;Women;nov/13;305000
45 to 54 years;Women;nov/13;398000
55 to 64 years;Women;nov/13;272000
65 years and over;Women;nov/13;179000
16 to 19 years;Men;dez/13;106000
20 to 24 years;Men;dez/13;307000
25 to 34 years;Men;dez/13;514000
35 to 44 years;Men;dez/13;409000
45 to 54 years;Men;dez/13;359000
55 to 64 years;Men;dez/13;359000
65 years and over;Men;dez/13;82000
16 to 19 years;Women;dez/13;62000
20 to 24 years;Women;dez/13;217000
25 to 34 years;Women;dez/13;370000
35 to 44 years;Women;dez/13;290000
45 to 54 years;Women;dez/13;357000
55 to 64 years;Women;dez/13;240000
65 years and over;Women;dez/13;169000
16 to 19 years;Men;jan/14;97000
20 to 24 years;Men;jan/14;339000
25 to 34 years;Men;jan/14;493000
35 to 44 years;Men;jan/14;363000
45 to 54 years;Men;jan/14;427000
55 to 64 years;Men;jan/14;318000
65 years and over;Men;jan/14;93000
16 to 19 years;Women;jan/14;88000
20 to 24 years;Women;jan/14;222000
25 to 34 years;Women;jan/14;292000
35 to 44 years;Women;jan/14;304000
45 to 54 years;Women;jan/14;346000
55 to 64 years;Women;jan/14;231000
65 years and over;Women;jan/14;179000
16 to 19 years;Men;fev/14;129000
20 to 24 years;Men;fev/14;366000
25 to 34 years;Men;fev/14;488000
35 to 44 years;Men;fev/14;380000
45 to 54 years;Men;fev/14;458000
55 to 64 years;Men;fev/14;304000
65 years and over;Men;fev/14;76000
16 to 19 years;Women;fev/14;112000
20 to 24 years;Women;fev/14;184000
25 to 34 years;Women;fev/14;393000
35 to 44 years;Women;fev/14;317000
45 to 54 years;Women;fev/14;354000
55 to 64 years;Women;fev/14;244000
65 years and over;Women;fev/14;173000
16 to 19 years;Men;mar/14;136000
20 to 24 years;Men;mar/14;378000
25 to 34 years;Men;mar/14;418000
35 to 44 years;Men;mar/14;351000
45 to 54 years;Men;mar/14;401000
55 to 64 years;Men;mar/14;347000
65 years and over;Men;mar/14;76000
16 to 19 years;Women;mar/14;99000
20 to 24 years;Women;mar/14;224000
25 to 34 years;Women;mar/14;404000
35 to 44 years;Women;mar/14;316000
45 to 54 years;Women;mar/14;332000
55 to 64 years;Women;mar/14;252000
65 years and over;Women;mar/14;151000
16 to 19 years;Men;abr/14;119000
20 to 24 years;Men;abr/14;325000
25 to 34 years;Men;abr/14;456000
35 to 44 years;Men;abr/14;313000
45 to 54 years;Men;abr/14;337000
55 to 64 years;Men;abr/14;284000
65 years and over;Men;abr/14;105000
16 to 19 years;Women;abr/14;88000
20 to 24 years;Women;abr/14;165000
25 to 34 years;Women;abr/14;357000
35 to 44 years;Women;abr/14;273000
45 to 54 years;Women;abr/14;333000
55 to 64 years;Women;abr/14;264000
65 years and over;Women;abr/14;143000
16 to 19 years;Men;mai/14;84000
20 to 24 years;Men;mai/14;302000
25 to 34 years;Men;mai/14;496000
35 to 44 years;Men;mai/14;311000
45 to 54 years;Men;mai/14;329000
55 to 64 years;Men;mai/14;253000
65 years and over;Men;mai/14;84000
16 to 19 years;Women;mai/14;75000
20 to 24 years;Women;mai/14;141000
25 to 34 years;Women;mai/14;372000
35 to 44 years;Women;mai/14;278000
45 to 54 years;Women;mai/14;304000
55 to 64 years;Women;mai/14;250000
65 years and over;Women;mai/14;183000
16 to 19 years;Men;jun/14;66000
20 to 24 years;Men;jun/14;285000
25 to 34 years;Men;jun/14;386000
35 to 44 years;Men;jun/14;268000
45 to 54 years;Men;jun/14;278000
55 to 64 years;Men;jun/14;289000
65 years and over;Men;jun/14;114000
16 to 19 years;Women;jun/14;81000
20 to 24 years;Women;jun/14;130000
25 to 34 years;Women;jun/14;339000
35 to 44 years;Women;jun/14;250000
45 to 54 years;Women;jun/14;239000
55 to 64 years;Women;jun/14;203000
65 years and over;Women;jun/14;172000
16 to 19 years;Men;jul/14;98000
20 to 24 years;Men;jul/14;277000
25 to 34 years;Men;jul/14;413000
35 to 44 years;Men;jul/14;312000
45 to 54 years;Men;jul/14;254000
55 to 64 years;Men;jul/14;251000
65 years and over;Men;jul/14;97000
16 to 19 years;Women;jul/14;93000
20 to 24 years;Women;jul/14;140000
25 to 34 years;Women;jul/14;348000
35 to 44 years;Women;jul/14;280000
45 to 54 years;Women;jul/14;293000
55 to 64 years;Women;jul/14;267000
65 years and over;Women;jul/14;213000
16 to 19 years;Men;ago/14;105000
20 to 24 years;Men;ago/14;254000
25 to 34 years;Men;ago/14;342000
35 to 44 years;Men;ago/14;288000
45 to 54 years;Men;ago/14;265000
55 to 64 years;Men;ago/14;215000
65 years and over;Men;ago/14;95000
16 to 19 years;Women;ago/14;68000
20 to 24 years;Women;ago/14;136000
25 to 34 years;Women;ago/14;354000
35 to 44 years;Women;ago/14;250000
45 to 54 years;Women;ago/14;258000
55 to 64 years;Women;ago/14;224000
65 years and over;Women;ago/14;257000
16 to 19 years;Men;set/14;89000
20 to 24 years;Men;set/14;266000
25 to 34 years;Men;set/14;350000
35 to 44 years;Men;set/14;228000
45 to 54 years;Men;set/14;275000
55 to 64 years;Men;set/14;218000
65 years and over;Men;set/14;79000
16 to 19 years;Women;set/14;83000
20 to 24 years;Women;set/14;116000
25 to 34 years;Women;set/14;350000
35 to 44 years;Women;set/14;294000
45 to 54 years;Women;set/14;297000
55 to 64 years;Women;set/14;191000
65 years and over;Women;set/14;193000
16 to 19 years;Men;out/14;84000
20 to 24 years;Men;out/14;241000
25 to 34 years;Men;out/14;313000
35 to 44 years;Men;out/14;240000
45 to 54 years;Men;out/14;276000
55 to 64 years;Men;out/14;252000
65 years and over;Men;out/14;84000
16 to 19 years;Women;out/14;37000
20 to 24 years;Women;out/14;197000
25 to 34 years;Women;out/14;334000
35 to 44 years;Women;out/14;234000
45 to 54 years;Women;out/14;278000
55 to 64 years;Women;out/14;203000
65 years and over;Women;out/14;188000
16 to 19 years;Men;nov/14;75000
20 to 24 years;Men;nov/14;226000
25 to 34 years;Men;nov/14;282000
35 to 44 years;Men;nov/14;257000
45 to 54 years;Men;nov/14;292000
55 to 64 years;Men;nov/14;242000
65 years and over;Men;nov/14;122000
16 to 19 years;Women;nov/14;62000
20 to 24 years;Women;nov/14;174000
25 to 34 years;Women;nov/14;297000
35 to 44 years;Women;nov/14;225000
45 to 54 years;Women;nov/14;237000
55 to 64 years;Women;nov/14;234000
65 years and over;Women;nov/14;141000
16 to 19 years;Men;dez/14;81000
20 to 24 years;Men;dez/14;201000
25 to 34 years;Men;dez/14;357000
35 to 44 years;Men;dez/14;205000
45 to 54 years;Men;dez/14;285000
55 to 64 years;Men;dez/14;266000
65 years and over;Men;dez/14;110000
16 to 19 years;Women;dez/14;60000
20 to 24 years;Women;dez/14;182000
25 to 34 years;Women;dez/14;284000
35 to 44 years;Women;dez/14;226000
45 to 54 years;Women;dez/14;214000
55 to 64 years;Women;dez/14;173000
65 years and over;Women;dez/14;128000
16 to 19 years;Men;jan/15;85000
20 to 24 years;Men;jan/15;241000
25 to 34 years;Men;jan/15;362000
35 to 44 years;Men;jan/15;282000
45 to 54 years;Men;jan/15;249000
55 to 64 years;Men;jan/15;222000
65 years and over;Men;jan/15;97000
16 to 19 years;Women;jan/15;75000
20 to 24 years;Women;jan/15;143000
25 to 34 years;Women;jan/15;302000
35 to 44 years;Women;jan/15;240000
45 to 54 years;Women;jan/15;297000
55 to 64 years;Women;jan/15;212000
65 years and over;Women;jan/15;157000
16 to 19 years;Men;fev/15;93000
20 to 24 years;Men;fev/15;255000
25 to 34 years;Men;fev/15;319000
35 to 44 years;Men;fev/15;270000
45 to 54 years;Men;fev/15;272000
55 to 64 years;Men;fev/15;229000
65 years and over;Men;fev/15;100000
16 to 19 years;Women;fev/15;80000
20 to 24 years;Women;fev/15;141000
25 to 34 years;Women;fev/15;294000
35 to 44 years;Women;fev/15;235000
45 to 54 years;Women;fev/15;253000
55 to 64 years;Women;fev/15;170000
65 years and over;Women;fev/15;174000
